Condition,Number,"2
(10.93 %)","3
(14.96 %)","4
(17.80 %)","5
(20.48 %)","6
(22.86 %)","7
(24.93 %)","8
(26.94 %)"
K3FeCN6,23,5.269410299306606,8.431903056841467,9.404256531056701,2.7716948984074357,1.1325388261040716,0.322596024609506,0.058050035481104795
MesAcr+BF4-,20,3.8684899103842296,4.099368319740812,1.8530950803502664,0.7706420799894286,0.19807361746923605,0.028449402831540533,0.0020342921705250885
CuCl,19,3.3331839098431084,1.4902136031469306,0.5069653609362813,0.14078445668272122,0.02412941254032021,0.0027970638666864104,0.00015562221005870807
Diacetyl,12,3.3326575272657646,1.4211162049535935,0.4848929396995703,0.10269391255906829,0.016127574948283162,0.0010176192225952209,2.796713245919931e-05
T(p-OMe)PPCo,9,5.920380085153649,8.117992548556467,3.6887874053484775,0.8809324157153529,0.150977720763583,0.008711819812749376,0.00018002264334498767
Electrode,9,3.5626385860785366,1.4033918388330677,0.5208449701063423,0.10152029167117503,0.016252197183696443,0.0017716645877073913,0.00017611388093313114
