Condition,Number,ECFP OnBits,ECFP Tanimoto_avg,ECFP Tanimoto_max,ECFP ConvexHull,Range,Distance_avg,Distance_max,ConvexHull,Ratio_Number,Ratio_ECFP OnBits,Ratio_ECFP Tanimoto_avg,Ratio_ECFP Tanimoto_max,Ratio_ECFP ConvexHull,Ratio_Range,Ratio_Distance_avg,Ratio_Distance_max,Ratio_ConvexHull
K3FeCN6,23,117,0.6621461349897533,0.8571428571428572,5.269410299306606,36.22832911362168,2.816788829533308,5.054440854194798,4.143508986474009,0.004930332261521972,0.05897177419354839,0.7993327613298765,0.8984509466437177,0.3471697323563664,0.15475698141722566,0.5626447958518671,0.27747459268627794,0.23032473646439203
MesAcr+BF4-,20,124,0.6785795259572664,0.8709677419354839,3.8684899103842296,52.50463186961423,3.464990598586475,5.72772260292626,6.430956548009373,0.004287245444801715,0.0625,0.8191709014109616,0.9129420909444228,0.2548715189227385,0.22428465616177226,0.6921210804053541,0.31443586780681326,0.3574768093829272
CuCl,19,102,0.5049934112309737,0.7045454545454546,3.3331839098431084,34.14856474863549,2.245463969907075,5.722110596126385,3.5159041614419904,0.004072883172561629,0.05141129032258065,0.6096203791311033,0.738499452354874,0.21960342811548583,0.1458728274123599,0.4485244345244056,0.31412778441126704,0.19543814242027233
Diacetyl,12,77,0.6505728280740098,0.8333333333333334,3.3326575272657646,28.231906120952743,2.776979519740811,3.409037182002714,4.459198271740805,0.002572347266881029,0.03881048387096774,0.7853616409293588,0.8734939759036144,0.21956874793533027,0.12059856686270379,0.5546930102063261,0.1871465570209488,0.2478729188554677
T(p-OMe)PPCo,9,77,0.706042067049705,0.868421052631579,5.920380085153649,26.795494458643724,2.927569539488096,4.446372928548638,3.2207949846570436,0.0019292604501607716,0.03881048387096774,0.8523232640761816,0.9102726696258719,0.39005821389183115,0.11446263019738677,0.584772897640443,0.2440933731089966,0.17903394404804734
Electrode,9,87,0.6581655328558461,0.8409090909090909,3.562638586078537,35.016544678136306,2.8800955258010332,4.96211580473741,3.6293112028379553,0.0019292604501607716,0.043850806451612906,0.7945274388680897,0.8814348302300109,0.23472081583286528,0.14958058753011197,0.5752901112635701,0.27240620703652435,0.2017420860120442
AllPhenols,4665,1984,0.828373572338157,0.9540229885057472,15.178196162266838,234.0981891857267,5.006335880648421,18.215869082865968,17.989856626253392,1.0,1.0,1.0,1.0,1.0,1.0,1.0,1.0,1.0
