Condition,Number,Area
K3FeCN6,23,205.35741475033825
MesAcr+BF4-,20,142.70999102211798
CuCl,19,20.902419861430484
Diacetyl,12,44.108481388792924
T(p-OMe)PPCo,9,141.15694790116217
Electrode,9,121.44655198835596
AllPhenols,4665,472.2405619812289
