Descriptor,Entropy
28 Descriptors,36.70389557200785
ECFP,9.904068235792632
